patient_id,condition,finetune_size,seed,ssim_mean,ssim_sd,n_eval_images
80,pretrained,5,0,0.29180530289063167,0.08525173230194286,20
80,pretrained,5,1,0.2836193340007244,0.07664192341921498,20
80,pretrained,5,2,0.2921476345137945,0.06583539435922878,20
80,pretrained,5,3,0.3233280547643771,0.07256369193028081,20
80,pretrained,5,4,0.27704402239574866,0.06385653072885152,20
80,pretrained,10,0,0.30565113515679093,0.07762270830194219,20
80,pretrained,10,1,0.31847904624630596,0.07073841641938758,20
80,pretrained,10,2,0.297402408875869,0.08497965440269871,20
80,pretrained,10,3,0.31798915275924017,0.07565798283310107,20
80,pretrained,10,4,0.3116469445332923,0.07691521487628884,20
80,pretrained,20,0,0.32470291038110655,0.06807592461103754,20
80,pretrained,20,1,0.30933481541099483,0.08234092693136243,20
80,pretrained,20,2,0.3190180416438003,0.07119716592987432,20
80,pretrained,20,3,0.3218921906535006,0.0687597253356978,20
80,pretrained,20,4,0.3020715679484537,0.06884541881345374,20
80,pretrained,50,0,0.3069659497715084,0.06854006304599927,20
80,pretrained,50,1,0.3161361913828276,0.06636904282263084,20
80,pretrained,50,2,0.3312948536616157,0.07179480959145047,20
80,pretrained,50,3,0.310932105451983,0.07451734441559056,20
80,pretrained,50,4,0.3225483932424914,0.06475949931069777,20
80,pretrained,100,0,0.3102328953382326,0.0638383785606394,20
80,pretrained,100,1,0.32692694622190793,0.07336485577329191,20
80,pretrained,100,2,0.3164354771687621,0.07242490858706178,20
80,pretrained,100,3,0.318923493488615,0.05900720590316468,20
80,pretrained,100,4,0.3166830935431329,0.06479915856502727,20
80,pretrained,200,0,0.3115655262126438,0.06424734071455669,20
80,pretrained,200,1,0.31009730536338853,0.061724123215231644,20
80,pretrained,200,2,0.31981536935700383,0.06288567932086454,20
80,pretrained,200,3,0.31590212205754814,0.06415155445218908,20
80,pretrained,200,4,0.3160488154206685,0.06418809315773906,20
80,scratch,5,0,0.20049904181371025,0.07617708226783182,20
80,scratch,5,1,0.1756744464471824,0.06282151701506414,20
80,scratch,5,2,0.18624962179411714,0.058841533220557275,20
80,scratch,5,3,0.20040689651997398,0.06595195470880119,20
80,scratch,5,4,0.19252551529532175,0.0639935194668255,20
80,scratch,10,0,0.1871851972027265,0.06253131690668147,20
80,scratch,10,1,0.19423169807803115,0.06623343114065204,20
80,scratch,10,2,0.18087100403563122,0.0726572278142178,20
80,scratch,10,3,0.1767737793776189,0.06936319494728957,20
80,scratch,10,4,0.197247644071074,0.07880778781511036,20
80,scratch,20,0,0.1974596214095681,0.07105084565560545,20
80,scratch,20,1,0.19258301612518486,0.07578670013799949,20
80,scratch,20,2,0.19520321368514815,0.05864392290632466,20
80,scratch,20,3,0.19547355118377485,0.06147504622492615,20
80,scratch,20,4,0.21085203167075436,0.08866474772355953,20
80,scratch,50,0,0.19459180755273278,0.07126742281282109,20
80,scratch,50,1,0.19158398676168714,0.07282087728015764,20
80,scratch,50,2,0.19455247859131436,0.06659329395069227,20
80,scratch,50,3,0.19097235795976214,0.07465033996087787,20
80,scratch,50,4,0.19123110905977667,0.05667684397770948,20
80,scratch,100,0,0.19908570119517185,0.0696055373259995,20
80,scratch,100,1,0.19554167547068305,0.06652048093815646,20
80,scratch,100,2,0.1946386349939207,0.06789735356848638,20
80,scratch,100,3,0.19130258364769465,0.07066213142367272,20
80,scratch,100,4,0.19457336715303378,0.062478422872183824,20
80,scratch,200,0,0.19301706995217993,0.06474810158620437,20
80,scratch,200,1,0.18971532509474018,0.06498056871422386,20
80,scratch,200,2,0.19223166179535497,0.06679258584140599,20
80,scratch,200,3,0.19572754208927878,0.0698681203316725,20
80,scratch,200,4,0.19621578170660664,0.06655234331424167,20
81,pretrained,5,0,0.32147517145374527,0.0963843411684961,20
81,pretrained,5,1,0.32249680079021953,0.10785082774740187,20
81,pretrained,5,2,0.33159071172862303,0.10552792089320914,20
81,pretrained,5,3,0.31192111115066906,0.1078297173634312,20
81,pretrained,5,4,0.33247495900812873,0.08990903106199806,20
81,pretrained,10,0,0.3496933128753563,0.0944505872471473,20
81,pretrained,10,1,0.3327744838542857,0.11655994989398465,20
81,pretrained,10,2,0.3233951263447025,0.09157366884010636,20
81,pretrained,10,3,0.34370544305637085,0.1015333330494577,20
81,pretrained,10,4,0.33221854121731986,0.10038036719435378,20
81,pretrained,20,0,0.3376508117162159,0.09316609145067194,20
81,pretrained,20,1,0.33375504890599067,0.09531515218323178,20
81,pretrained,20,2,0.3381280384010137,0.09825766906436562,20
81,pretrained,20,3,0.3427753084484561,0.09669690064111737,20
81,pretrained,20,4,0.3312462822298624,0.09951054749032505,20
81,pretrained,50,0,0.3413346504688669,0.10526897603150129,20
81,pretrained,50,1,0.33092443742966265,0.09974468183362205,20
81,pretrained,50,2,0.3365890168225133,0.10275222083982144,20
81,pretrained,50,3,0.3313488036861141,0.10296978691671513,20
81,pretrained,50,4,0.3389272735153435,0.10681736326100243,20
81,pretrained,100,0,0.3440922641527655,0.09836508467865271,20
81,pretrained,100,1,0.33636843358880897,0.09224753010626253,20
81,pretrained,100,2,0.3354727566968241,0.09179637175698906,20
81,pretrained,100,3,0.3486999613156131,0.10603480789881534,20
81,pretrained,100,4,0.33573509851028416,0.10132180535683245,20
81,pretrained,200,0,0.33100266787297505,0.09766912078351708,20
81,pretrained,200,1,0.3426712173582168,0.097754502493699,20
81,pretrained,200,2,0.3436725014874401,0.09510363178767801,20
81,pretrained,200,3,0.33665997452682184,0.09983831058502045,20
81,pretrained,200,4,0.33932001967879566,0.10344175476012268,20
81,scratch,5,0,0.12081752620423951,0.05789923519725184,20
81,scratch,5,1,0.18313596641186,0.10140204474289255,20
81,scratch,5,2,0.18871017434315837,0.07479527126024005,20
81,scratch,5,3,0.13834256755193225,0.09129670118223436,20
81,scratch,5,4,0.1593999532697626,0.06490117879352322,20
81,scratch,10,0,0.18274038305906276,0.07764932905735115,20
81,scratch,10,1,0.17711543287222015,0.10776429274573641,20
81,scratch,10,2,0.15173558151259958,0.07348144442299445,20
81,scratch,10,3,0.1535046645813441,0.05995039553791557,20
81,scratch,10,4,0.18013420277459935,0.07594328147387507,20
81,scratch,20,0,0.16224862847370475,0.07278226064235344,20
81,scratch,20,1,0.17821427205540516,0.07962045160696858,20
81,scratch,20,2,0.18640945847833973,0.0821742576425917,20
81,scratch,20,3,0.16207944287380058,0.07751711613025775,20
81,scratch,20,4,0.15573789144839986,0.08200681467414572,20
81,scratch,50,0,0.1667410760692931,0.08475970787312842,20
81,scratch,50,1,0.1690118461600039,0.08686621567268167,20
81,scratch,50,2,0.19439117912435736,0.09207536690328662,20
81,scratch,50,3,0.16478095411692736,0.08214104871745896,20
81,scratch,50,4,0.16971985621361688,0.0940811449912207,20
81,scratch,100,0,0.16972292096608804,0.08722633690433115,20
81,scratch,100,1,0.1707394596177056,0.08618142263197938,20
81,scratch,100,2,0.1786525886551628,0.08616636089001196,20
81,scratch,100,3,0.17447325066035774,0.08384601080098165,20
81,scratch,100,4,0.17541432404247254,0.08106767841869714,20
81,scratch,200,0,0.1584614996415834,0.0798556749747743,20
81,scratch,200,1,0.16930123029626354,0.06923173062807077,20
81,scratch,200,2,0.17240532220320182,0.0887395160161751,20
81,scratch,200,3,0.1643890871940278,0.08486363860108315,20
81,scratch,200,4,0.17282082870349877,0.08067631012831551,20
82,pretrained,5,0,0.2974294488933026,0.07253903722472917,20
82,pretrained,5,1,0.3049082972347822,0.08006168923989038,20
82,pretrained,5,2,0.3101197418713653,0.06103181475918488,20
82,pretrained,5,3,0.2722432143586308,0.07704003424891218,20
82,pretrained,5,4,0.3223537206750792,0.07292226631826278,20
82,pretrained,10,0,0.28065250219731214,0.07084874016264146,20
82,pretrained,10,1,0.28516582755504455,0.06508313905558674,20
82,pretrained,10,2,0.32046124493515876,0.07038964001542554,20
82,pretrained,10,3,0.28399224851853655,0.0779723368642244,20
82,pretrained,10,4,0.33228621398963515,0.07648708772505335,20
82,pretrained,20,0,0.2947456923490846,0.06797946778577231,20
82,pretrained,20,1,0.2952067657787555,0.061609650473552734,20
82,pretrained,20,2,0.31014839092955643,0.06115560097057255,20
82,pretrained,20,3,0.3110114321844985,0.06383372819268535,20
82,pretrained,20,4,0.2780077743399881,0.054895099159812874,20
82,pretrained,50,0,0.2894690299381175,0.06291721258971983,20
82,pretrained,50,1,0.2990685993041635,0.06145015445618563,20
82,pretrained,50,2,0.2943534786333338,0.06537980516329447,20
82,pretrained,50,3,0.2836545615262587,0.06738913337469453,20
82,pretrained,50,4,0.28304132403257387,0.07726237781994914,20
82,pretrained,100,0,0.2940440166906141,0.06091130716733474,20
82,pretrained,100,1,0.29707566586780665,0.055885976899925034,20
82,pretrained,100,2,0.29739654642249297,0.06299918076939127,20
82,pretrained,100,3,0.2796073800292277,0.07565481797359046,20
82,pretrained,100,4,0.3101481434390362,0.05364426126276773,20
82,pretrained,200,0,0.30196423838037056,0.061876263634191776,20
82,pretrained,200,1,0.2908223951404998,0.06316163832517332,20
82,pretrained,200,2,0.2935208854840094,0.06255415113884874,20
82,pretrained,200,3,0.28421619761406836,0.058389753964958484,20
82,pretrained,200,4,0.3003500898099397,0.05796286111717572,20
82,scratch,5,0,0.17455392308788395,0.08242820489611492,20
82,scratch,5,1,0.18298218013329332,0.08932553254082375,20
82,scratch,5,2,0.15716940200733034,0.07219332729580713,20
82,scratch,5,3,0.16052520823752708,0.08652135165874734,20
82,scratch,5,4,0.19610639368002017,0.07490027155876586,20
82,scratch,10,0,0.15143256871620908,0.08293693788605488,20
82,scratch,10,1,0.13745230951586654,0.07356083629362116,20
82,scratch,10,2,0.15874042342178724,0.06708864816117632,20
82,scratch,10,3,0.159680086535878,0.07319713199508768,20
82,scratch,10,4,0.18149729617851867,0.08113450439350943,20
82,scratch,20,0,0.15720538212478213,0.08084628205637814,20
82,scratch,20,1,0.16306527868812057,0.08071185933142,20
82,scratch,20,2,0.16783263211192617,0.07682679106478235,20
82,scratch,20,3,0.158115360779258,0.0715261316854786,20
82,scratch,20,4,0.15718356626468477,0.07250009833683352,20
82,scratch,50,0,0.13807002609021088,0.07188849894039087,20
82,scratch,50,1,0.157189963664445,0.07394314950036592,20
82,scratch,50,2,0.148761374307805,0.06373879210845873,20
82,scratch,50,3,0.16211495446467783,0.07284303960542371,20
82,scratch,50,4,0.16793857577921523,0.07885561193239675,20
82,scratch,100,0,0.15374845802355566,0.06846813642208342,20
82,scratch,100,1,0.14665348341368906,0.06431365825246464,20
82,scratch,100,2,0.1668200078372451,0.07142808410231836,20
82,scratch,100,3,0.1455017038456918,0.06696989643442927,20
82,scratch,100,4,0.15502584252059134,0.0692931415924218,20
82,scratch,200,0,0.14580264498625253,0.06483359023138771,20
82,scratch,200,1,0.1573780541581778,0.06250732602170136,20
82,scratch,200,2,0.15865613960252054,0.0740928604586938,20
82,scratch,200,3,0.15783408941838595,0.07076207272430256,20
82,scratch,200,4,0.1658094034999698,0.07697936116543745,20
83,pretrained,5,0,0.2927992611211962,0.06789306391581883,20
83,pretrained,5,1,0.3006954660087227,0.06036254087237949,20
83,pretrained,5,2,0.28628182469125285,0.06765312120879201,20
83,pretrained,5,3,0.2755004372650742,0.06730797134082993,20
83,pretrained,5,4,0.32177152732071923,0.07146625857270124,20
83,pretrained,10,0,0.2996883084092882,0.06863427907734652,20
83,pretrained,10,1,0.3192750170415393,0.06854431667344506,20
83,pretrained,10,2,0.30791223088994746,0.05887724355704971,20
83,pretrained,10,3,0.3033275670424106,0.06745073676973705,20
83,pretrained,10,4,0.3186686700090672,0.05670585853243163,20
83,pretrained,20,0,0.30320490742734424,0.059855104202309016,20
83,pretrained,20,1,0.31965278063402897,0.0668506563470734,20
83,pretrained,20,2,0.3131118178201376,0.06293168032717007,20
83,pretrained,20,3,0.30660471066391903,0.06091517359289857,20
83,pretrained,20,4,0.32542130442526224,0.06481915412554282,20
83,pretrained,50,0,0.30364558768737143,0.06184584657945092,20
83,pretrained,50,1,0.3047552798606393,0.06367300794350857,20
83,pretrained,50,2,0.3140580498365565,0.06270425390186675,20
83,pretrained,50,3,0.3049330922552093,0.06226415049972286,20
83,pretrained,50,4,0.3100368908971037,0.05825052727142749,20
83,pretrained,100,0,0.3018021602378443,0.06422623284168408,20
83,pretrained,100,1,0.3005010381136265,0.06339490755162298,20
83,pretrained,100,2,0.3062668859997163,0.06453109795925073,20
83,pretrained,100,3,0.31952714986058023,0.06555377072847861,20
83,pretrained,100,4,0.3039099386535543,0.0643994585058602,20
83,pretrained,200,0,0.303960610893382,0.062480289134475654,20
83,pretrained,200,1,0.3169503205802041,0.059779978018243855,20
83,pretrained,200,2,0.303289703240229,0.06445004646561289,20
83,pretrained,200,3,0.31898064685705124,0.061083186978637065,20
83,pretrained,200,4,0.30669351290413066,0.063016814518279,20
83,scratch,5,0,0.1951999861835721,0.058336743198471125,20
83,scratch,5,1,0.18939621288360792,0.05130376502639615,20
83,scratch,5,2,0.17349062309685953,0.057186508604053415,20
83,scratch,5,3,0.15517757333790858,0.06113256509052756,20
83,scratch,5,4,0.21948517447254773,0.060588492277106984,20
83,scratch,10,0,0.184656187012815,0.056766861108738256,20
83,scratch,10,1,0.19069575382226647,0.058372941573230294,20
83,scratch,10,2,0.1972116470221441,0.062478586208183536,20
83,scratch,10,3,0.1959708045148801,0.061308651591497315,20
83,scratch,10,4,0.18447055595070538,0.056403383555985086,20
83,scratch,20,0,0.18831552679695449,0.054641430278846326,20
83,scratch,20,1,0.18559930765032442,0.05525121103616667,20
83,scratch,20,2,0.21440253450117522,0.05969254377229993,20
83,scratch,20,3,0.19051058752553704,0.05438432275459833,20
83,scratch,20,4,0.19877010485675492,0.05254333500685472,20
83,scratch,50,0,0.16767111033275556,0.05105301747749398,20
83,scratch,50,1,0.17766468580910852,0.052503828695807275,20
83,scratch,50,2,0.17223686808871577,0.05181080532820161,20
83,scratch,50,3,0.20717262945509832,0.05898284273759218,20
83,scratch,50,4,0.1815969614428745,0.05924952029904714,20
83,scratch,100,0,0.1746502300483011,0.05334561891759129,20
83,scratch,100,1,0.17415057817787577,0.05298271043086248,20
83,scratch,100,2,0.18139714094702059,0.05131257237570816,20
83,scratch,100,3,0.18439624757981057,0.05261320376587543,20
83,scratch,100,4,0.17240847004175902,0.04909605301045718,20
83,scratch,200,0,0.18223580441022674,0.05035392598199772,20
83,scratch,200,1,0.1885324387734832,0.054261693966789634,20
83,scratch,200,2,0.186873248109166,0.05478044554523532,20
83,scratch,200,3,0.1781945175824695,0.04981632775052949,20
83,scratch,200,4,0.1869821918440236,0.05060027063630921,20
84,pretrained,5,0,0.35078461575600245,0.08916485417983358,20
84,pretrained,5,1,0.3748075519005475,0.07238911693230098,20
84,pretrained,5,2,0.3205224027715346,0.06911540441036468,20
84,pretrained,5,3,0.3414185212621514,0.06959286379887039,20
84,pretrained,5,4,0.35901344070065216,0.05726162146803935,20
84,pretrained,10,0,0.35686264902153375,0.0577830089047863,20
84,pretrained,10,1,0.38935530370846383,0.07395689447192079,20
84,pretrained,10,2,0.3286924951084094,0.07827946086089672,20
84,pretrained,10,3,0.36701485327582695,0.08044146414305435,20
84,pretrained,10,4,0.3495076866944724,0.08985796100178857,20
84,pretrained,20,0,0.3508720588552624,0.07913415625545381,20
84,pretrained,20,1,0.36067348688368395,0.06961509316642459,20
84,pretrained,20,2,0.36916078351882836,0.07733516827162829,20
84,pretrained,20,3,0.3573792389497454,0.07573919640653844,20
84,pretrained,20,4,0.36554355942241284,0.07483251476372761,20
84,pretrained,50,0,0.35909723293821044,0.06955125813612983,20
84,pretrained,50,1,0.3655289916250467,0.07141439232715835,20
84,pretrained,50,2,0.34746713692417464,0.07890480784543459,20
84,pretrained,50,3,0.35331674617988557,0.08179380361386816,20
84,pretrained,50,4,0.36730809387447094,0.07464537681231735,20
84,pretrained,100,0,0.3614475828641691,0.07174667669458812,20
84,pretrained,100,1,0.3624764617974868,0.07003004928508534,20
84,pretrained,100,2,0.34945588782786785,0.0731548823432124,20
84,pretrained,100,3,0.3474821945757144,0.07516828985454554,20
84,pretrained,100,4,0.3607493361446017,0.07505578325736742,20
84,pretrained,200,0,0.3536490190538565,0.07465050362010972,20
84,pretrained,200,1,0.3544877392814795,0.07917032195224091,20
84,pretrained,200,2,0.3668037637179444,0.07510835174638421,20
84,pretrained,200,3,0.3554221357930857,0.07526767916750424,20
84,pretrained,200,4,0.34236678549145333,0.07280128196566181,20
84,scratch,5,0,0.18820678434576413,0.08980986609734076,20
84,scratch,5,1,0.20027446906062876,0.06405772317057842,20
84,scratch,5,2,0.1425925509413209,0.05208136694654391,20
84,scratch,5,3,0.12957518537795187,0.06898260861301835,20
84,scratch,5,4,0.15205256843140189,0.06441967845408912,20
84,scratch,10,0,0.17393101478554868,0.07214233396752466,20
84,scratch,10,1,0.17116105170620716,0.06696830144943966,20
84,scratch,10,2,0.15430993996083123,0.05172004455607387,20
84,scratch,10,3,0.15983840469213154,0.05885550872268451,20
84,scratch,10,4,0.16404015573141456,0.09537566217079776,20
84,scratch,20,0,0.15845596297962503,0.06838995568349096,20
84,scratch,20,1,0.16373705880594205,0.06478154245238325,20
84,scratch,20,2,0.17138514686567977,0.06731165543211018,20
84,scratch,20,3,0.1557013245495142,0.06679782022257126,20
84,scratch,20,4,0.17763831007148906,0.06506857413435488,20
84,scratch,50,0,0.17666640048160456,0.060618948746636855,20
84,scratch,50,1,0.16137452811504682,0.056983245624051306,20
84,scratch,50,2,0.17203682320292318,0.06517738534952819,20
84,scratch,50,3,0.17113917652027383,0.07384527055391177,20
84,scratch,50,4,0.17035581385493687,0.05433867259382837,20
84,scratch,100,0,0.18237106167113293,0.0428960717952702,20
84,scratch,100,1,0.16512401658828937,0.05278648562311179,20
84,scratch,100,2,0.16823517410783406,0.05784040050076898,20
84,scratch,100,3,0.15103068020957736,0.05527258859676367,20
84,scratch,100,4,0.16035302961979242,0.04677057075857527,20
84,scratch,200,0,0.15758557545554308,0.05986544314964656,20
84,scratch,200,1,0.17201897511370762,0.05548074973123589,20
84,scratch,200,2,0.1671300788250492,0.05015057026479085,20
84,scratch,200,3,0.1770134057943392,0.06668911234455142,20
84,scratch,200,4,0.16295691590053415,0.05708649158791938,20
85,pretrained,5,0,0.29671719350927284,0.08162668503513537,20
85,pretrained,5,1,0.31346850761596384,0.054184015515857435,20
85,pretrained,5,2,0.3015022573407607,0.0909328307750428,20
85,pretrained,5,3,0.31111809880935487,0.08804773508561396,20
85,pretrained,5,4,0.3030876721021861,0.06679878227082338,20
85,pretrained,10,0,0.3271865695370576,0.07195484556927531,20
85,pretrained,10,1,0.3440675286446039,0.07532243796762088,20
85,pretrained,10,2,0.32055986314891516,0.08451544599495359,20
85,pretrained,10,3,0.33126019039161225,0.07144484350570637,20
85,pretrained,10,4,0.3005192864294065,0.055795877194459526,20
85,pretrained,20,0,0.30911830152235203,0.06474538728056135,20
85,pretrained,20,1,0.31379121446861474,0.0765207944685011,20
85,pretrained,20,2,0.3128285962470786,0.06931625444420954,20
85,pretrained,20,3,0.3164101285491668,0.06862285903594623,20
85,pretrained,20,4,0.31036180323311713,0.06657642375218174,20
85,pretrained,50,0,0.31652208070719967,0.06990118759022577,20
85,pretrained,50,1,0.31226917500062135,0.07390150188810778,20
85,pretrained,50,2,0.3115000855255906,0.07255502336279465,20
85,pretrained,50,3,0.3015389623744945,0.07394014326769544,20
85,pretrained,50,4,0.31274171497954606,0.06671470161848436,20
85,pretrained,100,0,0.30528347011720147,0.07636663021143021,20
85,pretrained,100,1,0.31936011025607625,0.0707541364645135,20
85,pretrained,100,2,0.3089219777695585,0.07141088659662764,20
85,pretrained,100,3,0.30737371491961324,0.07070673940464328,20
85,pretrained,100,4,0.31465814434075673,0.07399770584742443,20
85,pretrained,200,0,0.32559803126298953,0.07164007673988886,20
85,pretrained,200,1,0.31330850442795904,0.06864958600212928,20
85,pretrained,200,2,0.3126112778093836,0.06997824555195119,20
85,pretrained,200,3,0.3105542520553153,0.07287487820469765,20
85,pretrained,200,4,0.308695589661726,0.07141674142064992,20
85,scratch,5,0,0.16503743120605133,0.05370516399478003,20
85,scratch,5,1,0.15479864144749106,0.025435099346787768,20
85,scratch,5,2,0.175996370305265,0.06770923006556974,20
85,scratch,5,3,0.17117272074219989,0.058785766847483836,20
85,scratch,5,4,0.16648112829697,0.04671195458665817,20
85,scratch,10,0,0.18844600950042487,0.046683944588102017,20
85,scratch,10,1,0.17819377597861955,0.051949904950508774,20
85,scratch,10,2,0.16978552544454953,0.0445354641400852,20
85,scratch,10,3,0.16627402103922878,0.03974409149848135,20
85,scratch,10,4,0.16946626076222118,0.050515963361742314,20
85,scratch,20,0,0.16314012327826466,0.039785523710554146,20
85,scratch,20,1,0.1777589605941761,0.05209717984152717,20
85,scratch,20,2,0.16987295696081456,0.04570417713119601,20
85,scratch,20,3,0.16770125903169553,0.04283030412905145,20
85,scratch,20,4,0.1799679888450877,0.05963729838159711,20
85,scratch,50,0,0.17469860189886152,0.04420269333301039,20
85,scratch,50,1,0.16344891927635138,0.04435424933043237,20
85,scratch,50,2,0.17120318657287228,0.05520247838025122,20
85,scratch,50,3,0.17069230056857074,0.05391952299919002,20
85,scratch,50,4,0.16883139009559842,0.04852174075636023,20
85,scratch,100,0,0.16947301751521143,0.04674627750001335,20
85,scratch,100,1,0.17143919276149944,0.044647950511769105,20
85,scratch,100,2,0.16324632508549244,0.044259931799885154,20
85,scratch,100,3,0.1691094781733265,0.056130536088692694,20
85,scratch,100,4,0.16860105896711208,0.0482872456822198,20
85,scratch,200,0,0.17416713143329743,0.045993540519375785,20
85,scratch,200,1,0.1582659880567832,0.03809316090103441,20
85,scratch,200,2,0.17786086239733617,0.05198647712897847,20
85,scratch,200,3,0.1687051437858807,0.04424442819821063,20
85,scratch,200,4,0.16750376577125936,0.04757174655188325,20
86,pretrained,5,0,0.26269427476068796,0.05689456309618645,20
86,pretrained,5,1,0.2771748662662294,0.05588274165938893,20
86,pretrained,5,2,0.2684140508450727,0.06951543726653331,20
86,pretrained,5,3,0.29357620375591226,0.05356743359232219,20
86,pretrained,5,4,0.2916668504760355,0.05371726164517494,20
86,pretrained,10,0,0.2830515944669203,0.05133934460061721,20
86,pretrained,10,1,0.27148415758079236,0.045983774888211676,20
86,pretrained,10,2,0.25444436377346313,0.04321045580821514,20
86,pretrained,10,3,0.307322151118287,0.048075847008379524,20
86,pretrained,10,4,0.27132838210051874,0.04877471494982749,20
86,pretrained,20,0,0.2495622861580517,0.052106538709562784,20
86,pretrained,20,1,0.2576909061859588,0.0489435061104805,20
86,pretrained,20,2,0.2551168498728097,0.05442910560813612,20
86,pretrained,20,3,0.2751351619423241,0.05419590024906347,20
86,pretrained,20,4,0.2832964940018031,0.041823471792191,20
86,pretrained,50,0,0.27011724315728036,0.04610491388787856,20
86,pretrained,50,1,0.2478256281066396,0.04746119397943397,20
86,pretrained,50,2,0.26383775400901743,0.0499800509583759,20
86,pretrained,50,3,0.25977672781311395,0.04633248856457601,20
86,pretrained,50,4,0.25653989511804,0.04565551555952145,20
86,pretrained,100,0,0.2588287159438579,0.043178401342397484,20
86,pretrained,100,1,0.2641234857688569,0.04227009864013319,20
86,pretrained,100,2,0.2590786338273423,0.04996706633881732,20
86,pretrained,100,3,0.24180460507274587,0.048839977248496695,20
86,pretrained,100,4,0.26037189588514364,0.04849129969383055,20
86,pretrained,200,0,0.24721768208907796,0.050477960221234026,20
86,pretrained,200,1,0.257449780313442,0.0508153980699179,20
86,pretrained,200,2,0.2657208989787031,0.05060572811007616,20
86,pretrained,200,3,0.24692401079045148,0.05118920566154211,20
86,pretrained,200,4,0.255180783494488,0.04955385288891245,20
86,scratch,5,0,0.16736876524737693,0.051162629075305756,20
86,scratch,5,1,0.14662468521962418,0.04223817223830118,20
86,scratch,5,2,0.13196821535771416,0.043926317502540266,20
86,scratch,5,3,0.1567602795912487,0.040654482054542605,20
86,scratch,5,4,0.14617309477192147,0.04636162793506729,20
86,scratch,10,0,0.12837889336593117,0.041104998195122866,20
86,scratch,10,1,0.16198211222193784,0.04210764383549109,20
86,scratch,10,2,0.1307874464737236,0.0449432614617378,20
86,scratch,10,3,0.16054671948242671,0.03970172268127228,20
86,scratch,10,4,0.170425807358731,0.050188658346576334,20
86,scratch,20,0,0.1523768038541918,0.04609433448734226,20
86,scratch,20,1,0.13957608864757337,0.044255757544470635,20
86,scratch,20,2,0.13931039572226697,0.040530491263492154,20
86,scratch,20,3,0.1450694545183823,0.039735809080745296,20
86,scratch,20,4,0.15890110768901183,0.04006916269639119,20
86,scratch,50,0,0.1595222061596113,0.046140727739695096,20
86,scratch,50,1,0.14839391704268765,0.03626938513231937,20
86,scratch,50,2,0.1618380321902635,0.04561380986524001,20
86,scratch,50,3,0.15259924738798109,0.04098324582719208,20
86,scratch,50,4,0.14425614049640845,0.03761452497823679,20
86,scratch,100,0,0.1583667288016209,0.037399784138228045,20
86,scratch,100,1,0.16634442539288757,0.03915444024688887,20
86,scratch,100,2,0.15616011133756336,0.04598504913110359,20
86,scratch,100,3,0.1528267269367857,0.0358222031683196,20
86,scratch,100,4,0.14854498093773827,0.034549367234598255,20
86,scratch,200,0,0.15407781096835602,0.04167233767435876,20
86,scratch,200,1,0.1408345290589052,0.040400649096217156,20
86,scratch,200,2,0.14294903067774642,0.04369961474404407,20
86,scratch,200,3,0.1526848042521877,0.04249454982463993,20
86,scratch,200,4,0.1482855005422374,0.03789165715113201,20
87,pretrained,5,0,0.32642376043601196,0.07157102365877735,20
87,pretrained,5,1,0.32033753369640533,0.07349135448324191,20
87,pretrained,5,2,0.3052334989787503,0.0722609518035574,20
87,pretrained,5,3,0.32096073163314703,0.07607819383093516,20
87,pretrained,5,4,0.35357998823362996,0.055624302155340935,20
87,pretrained,10,0,0.3309171096235299,0.050306439403271196,20
87,pretrained,10,1,0.3194284538739126,0.06464766845879634,20
87,pretrained,10,2,0.33165636408749805,0.04573839881017591,20
87,pretrained,10,3,0.32627455697576213,0.060683589355370306,20
87,pretrained,10,4,0.3182581982797519,0.04651279979218018,20
87,pretrained,20,0,0.3358840335906269,0.05980404502453515,20
87,pretrained,20,1,0.3433982261618905,0.07027787708806625,20
87,pretrained,20,2,0.3227002445947294,0.06905398354565234,20
87,pretrained,20,3,0.31325781061225005,0.06263590899294212,20
87,pretrained,20,4,0.338470910428887,0.06311377477504575,20
87,pretrained,50,0,0.3385360819266868,0.06512637894107372,20
87,pretrained,50,1,0.3341477775248444,0.0677302347154449,20
87,pretrained,50,2,0.33968501011328467,0.06135402056501274,20
87,pretrained,50,3,0.32736849949404634,0.071469845464718,20
87,pretrained,50,4,0.3342172612413622,0.06434729104559155,20
87,pretrained,100,0,0.32950824104213594,0.0708741672621465,20
87,pretrained,100,1,0.3287197445713063,0.06920278542113086,20
87,pretrained,100,2,0.33039864342766156,0.06280708749672193,20
87,pretrained,100,3,0.33523089986076593,0.05747427841740171,20
87,pretrained,100,4,0.3185480044637732,0.07142572082184923,20
87,pretrained,200,0,0.3272778876007506,0.06727936228224775,20
87,pretrained,200,1,0.31641910572523435,0.06453919817932995,20
87,pretrained,200,2,0.3306159812690773,0.06783259199611094,20
87,pretrained,200,3,0.3261063104060562,0.05615520757774142,20
87,pretrained,200,4,0.33092482221915437,0.060564409582407816,20
87,scratch,5,0,0.1874582423786239,0.06381656108773925,20
87,scratch,5,1,0.16970078501435848,0.05938761690896067,20
87,scratch,5,2,0.15840815622937127,0.04828092463582561,20
87,scratch,5,3,0.17460758475233476,0.05444265418490932,20
87,scratch,5,4,0.16234522690167053,0.04375217958086155,20
87,scratch,10,0,0.15190543962753164,0.03210605341953254,20
87,scratch,10,1,0.15754707834403603,0.047340134877485965,20
87,scratch,10,2,0.16913556802663116,0.04548157421001635,20
87,scratch,10,3,0.17247268515753997,0.03231440895036302,20
87,scratch,10,4,0.15322199430812206,0.03606070566017606,20
87,scratch,20,0,0.16592106129090084,0.0539515989166044,20
87,scratch,20,1,0.1697236392778273,0.05089715584005994,20
87,scratch,20,2,0.16001321950037575,0.04453850642887594,20
87,scratch,20,3,0.16965849204535866,0.04593179289355564,20
87,scratch,20,4,0.17967128685968708,0.048504784363011366,20
87,scratch,50,0,0.16161071729454207,0.050991601684774124,20
87,scratch,50,1,0.16793474407113657,0.044651875601135774,20
87,scratch,50,2,0.18048157208274468,0.03531437881809187,20
87,scratch,50,3,0.15331191556397902,0.04558706719882208,20
87,scratch,50,4,0.14813757079751805,0.04348278236527951,20
87,scratch,100,0,0.16336743250545543,0.050547287899293844,20
87,scratch,100,1,0.1590002065341329,0.043027746537893194,20
87,scratch,100,2,0.16982969387427016,0.038059940444863376,20
87,scratch,100,3,0.16556407475760596,0.04489228728262115,20
87,scratch,100,4,0.1679516465645734,0.042262014449407484,20
87,scratch,200,0,0.16741395331536238,0.04339962418485779,20
87,scratch,200,1,0.16553776361261233,0.03998955372328206,20
87,scratch,200,2,0.16861534840191195,0.040103264196888345,20
87,scratch,200,3,0.1615332338703425,0.04888332185109211,20
87,scratch,200,4,0.15592667531085078,0.0362297428900831,20
88,pretrained,5,0,0.3226915090923989,0.09572786418512125,20
88,pretrained,5,1,0.2996166630548126,0.07111104761640948,20
88,pretrained,5,2,0.3196746594555464,0.0951938740226184,20
88,pretrained,5,3,0.3345560496981331,0.08226182370883882,20
88,pretrained,5,4,0.33670226133914244,0.10159940891828158,20
88,pretrained,10,0,0.33950472784055946,0.07091288910608226,20
88,pretrained,10,1,0.3522117886646611,0.09097484947616892,20
88,pretrained,10,2,0.33803381347479555,0.09247188532088434,20
88,pretrained,10,3,0.3398040687464646,0.08802135341335339,20
88,pretrained,10,4,0.3084999107186347,0.10438430565827286,20
88,pretrained,20,0,0.3510588719083565,0.07817257397831051,20
88,pretrained,20,1,0.34720138481967855,0.08072504059437485,20
88,pretrained,20,2,0.33772092508510676,0.08394355554274727,20
88,pretrained,20,3,0.34185620688335805,0.08588202664205109,20
88,pretrained,20,4,0.32905149097775616,0.07721962372674251,20
88,pretrained,50,0,0.3371522343173075,0.08180310044998931,20
88,pretrained,50,1,0.34587151748709355,0.0862357361748937,20
88,pretrained,50,2,0.3371922269610921,0.0860963598717082,20
88,pretrained,50,3,0.33346667856539497,0.08232416830231375,20
88,pretrained,50,4,0.33011100141477473,0.0902388892987471,20
88,pretrained,100,0,0.33677433881926183,0.08463405501990715,20
88,pretrained,100,1,0.3324411177467264,0.0849409761936861,20
88,pretrained,100,2,0.33413151099012767,0.08445062424770225,20
88,pretrained,100,3,0.34724555323528594,0.0831193322485936,20
88,pretrained,100,4,0.34013437438937305,0.08025304402219693,20
88,pretrained,200,0,0.34713973513924545,0.08432520608803303,20
88,pretrained,200,1,0.3452168693905883,0.08438726632381684,20
88,pretrained,200,2,0.3380020690374991,0.0862180066684495,20
88,pretrained,200,3,0.3358528598472227,0.08373331550343635,20
88,pretrained,200,4,0.3411517569596217,0.08685586579182629,20
88,scratch,5,0,0.20362166649831742,0.06681676886089702,20
88,scratch,5,1,0.17097459421718292,0.0692802525891023,20
88,scratch,5,2,0.16889942882198464,0.06770139053465572,20
88,scratch,5,3,0.153688041332464,0.07542874530508077,20
88,scratch,5,4,0.18821344507195475,0.0799095893968344,20
88,scratch,10,0,0.18329699948171835,0.06579736672645074,20
88,scratch,10,1,0.19003874490627742,0.07211821196194669,20
88,scratch,10,2,0.1924139355502114,0.07236185599845724,20
88,scratch,10,3,0.18702683603353815,0.0727852841134137,20
88,scratch,10,4,0.15649577214598592,0.08571796499335832,20
88,scratch,20,0,0.18994389561001476,0.06641013050784246,20
88,scratch,20,1,0.17392701047846443,0.078498612626555,20
88,scratch,20,2,0.16252784713715104,0.06662060730846811,20
88,scratch,20,3,0.1855778232209744,0.07039832901346754,20
88,scratch,20,4,0.1752873781415191,0.05975569259361364,20
88,scratch,50,0,0.17708462702636876,0.0643878557974046,20
88,scratch,50,1,0.18404244802572886,0.06679929581834172,20
88,scratch,50,2,0.17379917508627854,0.06213300833859112,20
88,scratch,50,3,0.18077549123552678,0.06901684874728517,20
88,scratch,50,4,0.17801223777501057,0.0635373821188657,20
88,scratch,100,0,0.18592927762541486,0.06578229701312266,20
88,scratch,100,1,0.1803553181687176,0.06242386774729493,20
88,scratch,100,2,0.16215412831861273,0.060535028703936226,20
88,scratch,100,3,0.17946421745179095,0.06756529320241729,20
88,scratch,100,4,0.1779233065593779,0.06354326271684001,20
88,scratch,200,0,0.19910797899098862,0.06581373102587694,20
88,scratch,200,1,0.17138609296507532,0.05805817926300342,20
88,scratch,200,2,0.18252198051480614,0.06873224270466669,20
88,scratch,200,3,0.18559044600109306,0.06277274885104775,20
88,scratch,200,4,0.1796227538101063,0.06920211407550851,20
89,pretrained,5,0,0.1323638069648407,0.06633193622434787,20
89,pretrained,5,1,0.09915938245749283,0.0378098168018996,20
89,pretrained,5,2,0.12969776589730825,0.0753532395348811,20
89,pretrained,5,3,0.13913715340242291,0.0707085406529482,20
89,pretrained,5,4,0.10187342551245851,0.046349289571933405,20
89,pretrained,10,0,0.13968611873905346,0.06704312925712456,20
89,pretrained,10,1,0.12434403461462322,0.0646046699908533,20
89,pretrained,10,2,0.12329395231520879,0.07308532090934503,20
89,pretrained,10,3,0.1285773657912752,0.06897998867862842,20
89,pretrained,10,4,0.0873452405654663,0.0564582477751648,20
89,pretrained,20,0,0.13253327722585906,0.056897914636134736,20
89,pretrained,20,1,0.10830109872098545,0.057483067204209086,20
89,pretrained,20,2,0.11437585903665308,0.05991654376196318,20
89,pretrained,20,3,0.11312428050687799,0.04829325709679224,20
89,pretrained,20,4,0.12073162825898584,0.07221571537940213,20
89,pretrained,50,0,0.13006058634688603,0.07179405517403914,20
89,pretrained,50,1,0.11188778700271115,0.0675368454482671,20
89,pretrained,50,2,0.09794865870890454,0.06076325349230523,20
89,pretrained,50,3,0.13975434354146427,0.05752080107076702,20
89,pretrained,50,4,0.11430689035007184,0.06677450640948124,20
89,pretrained,100,0,0.09638501393223782,0.06195412128406116,20
89,pretrained,100,1,0.11117110313733802,0.06690540148017562,20
89,pretrained,100,2,0.11661792963461311,0.07274990021833809,20
89,pretrained,100,3,0.12577811280541146,0.0749682269074203,20
89,pretrained,100,4,0.15050984316228894,0.06719566737099061,20
89,pretrained,200,0,0.15633317538342667,0.07423123148360015,20
89,pretrained,200,1,0.10956261241286828,0.06761563114430355,20
89,pretrained,200,2,0.13644159795048857,0.07367680693091158,20
89,pretrained,200,3,0.12023838533155973,0.06861648372035589,20
89,pretrained,200,4,0.12771660098228313,0.067795718338092,20
89,scratch,5,0,0.1469300867887953,0.04772427559382768,20
89,scratch,5,1,0.10518551570871677,0.027678039739534827,20
89,scratch,5,2,0.11290722271021816,0.035508573285754935,20
89,scratch,5,3,0.14122610998648172,0.04153656342837417,20
89,scratch,5,4,0.10149140002812404,0.03497580091310782,20
89,scratch,10,0,0.08222570442021913,0.024593905884657884,20
89,scratch,10,1,0.09319018079604571,0.0258009214448829,20
89,scratch,10,2,0.11004005245366374,0.02547703265122819,20
89,scratch,10,3,0.13050596485580776,0.03508426684486291,20
89,scratch,10,4,0.08788314795828008,0.02348697234849472,20
89,scratch,20,0,0.1258892965303023,0.036064852337008346,20
89,scratch,20,1,0.09268440236643972,0.025680290092134635,20
89,scratch,20,2,0.08283935740575876,0.026287339236914165,20
89,scratch,20,3,0.08309016857904714,0.02293048525164685,20
89,scratch,20,4,0.11493069080550633,0.03423364389716253,20
89,scratch,50,0,0.06040875854467289,0.018243000007781767,20
89,scratch,50,1,0.07634934505106833,0.0221113623268503,20
89,scratch,50,2,0.06500447577203664,0.01824369718904362,20
89,scratch,50,3,0.10457681582008746,0.030812807557154334,20
89,scratch,50,4,0.08704981003878307,0.024487028637567843,20
89,scratch,100,0,0.07954009490481453,0.02217349127854769,20
89,scratch,100,1,0.09332788813879991,0.023461160318563868,20
89,scratch,100,2,0.11621250139678203,0.032597947463990376,20
89,scratch,100,3,0.08919565264008131,0.02830198827375606,20
89,scratch,100,4,0.09244627988491654,0.027189604467073712,20
89,scratch,200,0,0.08795425105665934,0.022940518899095402,20
89,scratch,200,1,0.08962865759263283,0.02625289661664432,20
89,scratch,200,2,0.09593125470469858,0.024134964129911136,20
89,scratch,200,3,0.08135720328464395,0.023671572389128457,20
89,scratch,200,4,0.0826545142141378,0.021563749191215217,20
90,pretrained,5,0,0.20632778380821432,0.05357190336341306,20
90,pretrained,5,1,0.21125066744095164,0.062278117368809345,20
90,pretrained,5,2,0.20279013919155137,0.04533117704099335,20
90,pretrained,5,3,0.19641177116603878,0.039154943565620576,20
90,pretrained,5,4,0.19529138335734708,0.05179487652258853,20
90,pretrained,10,0,0.22417543798177014,0.05464222960365887,20
90,pretrained,10,1,0.20518688794944273,0.04138465023260399,20
90,pretrained,10,2,0.208698892686935,0.04080252801507147,20
90,pretrained,10,3,0.2177747962735906,0.05352276205630111,20
90,pretrained,10,4,0.21548251793429046,0.048765049325527825,20
90,pretrained,20,0,0.2073583285218167,0.04974396765170933,20
90,pretrained,20,1,0.2147056723245389,0.047331893588189976,20
90,pretrained,20,2,0.2177452999857274,0.04909185695030079,20
90,pretrained,20,3,0.20443300405194975,0.04314950799480894,20
90,pretrained,20,4,0.22344323963538523,0.0467666019434907,20
90,pretrained,50,0,0.21422763719337728,0.05139589355531039,20
90,pretrained,50,1,0.21711078729919148,0.04428469451504217,20
90,pretrained,50,2,0.21763142599020893,0.04715467993207877,20
90,pretrained,50,3,0.2150026993981055,0.04293206914649643,20
90,pretrained,50,4,0.21249354365438716,0.052892535479794105,20
90,pretrained,100,0,0.21908105286799837,0.04811463302413799,20
90,pretrained,100,1,0.21528208676883617,0.0490848228074476,20
90,pretrained,100,2,0.21193067048234818,0.0456002033389588,20
90,pretrained,100,3,0.21624687890514868,0.04550168221310285,20
90,pretrained,100,4,0.2150943314362214,0.04504057242943099,20
90,pretrained,200,0,0.2083111056544921,0.040610770618229965,20
90,pretrained,200,1,0.21930218499429324,0.04282225927364382,20
90,pretrained,200,2,0.2116688977297955,0.04342524225616162,20
90,pretrained,200,3,0.21539486598076912,0.04785668654853579,20
90,pretrained,200,4,0.2164313292531077,0.04729349636228632,20
90,scratch,5,0,0.10436088667508847,0.038160503104026376,20
90,scratch,5,1,0.13254686913715974,0.04810687396057053,20
90,scratch,5,2,0.13069585857834748,0.04184761955217696,20
90,scratch,5,3,0.11810820173664746,0.031663665463947575,20
90,scratch,5,4,0.13658991780221513,0.04661037209290614,20
90,scratch,10,0,0.13650465592652092,0.03922323863008399,20
90,scratch,10,1,0.12657991522682352,0.030225782792139236,20
90,scratch,10,2,0.1378537799913465,0.04147446146001877,20
90,scratch,10,3,0.12737814453202181,0.04054358595757383,20
90,scratch,10,4,0.13143880177796866,0.05008504345195597,20
90,scratch,20,0,0.14060900353553146,0.04665416035509091,20
90,scratch,20,1,0.1362356046146621,0.043108272043189656,20
90,scratch,20,2,0.13036470820395268,0.0370202561182335,20
90,scratch,20,3,0.13329651756077143,0.04225794076369845,20
90,scratch,20,4,0.1362450986768741,0.04340604985991032,20
90,scratch,50,0,0.13759125166154015,0.03614796520575124,20
90,scratch,50,1,0.12596126480080044,0.03844167022382592,20
90,scratch,50,2,0.12637746602866912,0.03167605204085109,20
90,scratch,50,3,0.1401057009115946,0.037596372477025006,20
90,scratch,50,4,0.14383300920891262,0.03455946000257675,20
90,scratch,100,0,0.13180938510054824,0.03839848116138083,20
90,scratch,100,1,0.1325822009452917,0.03710929953091229,20
90,scratch,100,2,0.13564497242787896,0.03845678095604121,20
90,scratch,100,3,0.1305849229310054,0.044680158735448276,20
90,scratch,100,4,0.13180698662627882,0.04629909849315571,20
90,scratch,200,0,0.1333632978747651,0.037617569793939834,20
90,scratch,200,1,0.13706300989024775,0.038131416622493586,20
90,scratch,200,2,0.1344128073946212,0.037106607855359866,20
90,scratch,200,3,0.1313247746111471,0.03883833315794452,20
90,scratch,200,4,0.12614944543325246,0.03795760207207945,20
91,pretrained,5,0,0.17604458636619408,0.0534091432565796,20
91,pretrained,5,1,0.13359800697972482,0.04206207350704541,20
91,pretrained,5,2,0.16331483816580555,0.05568702352597948,20
91,pretrained,5,3,0.14689120055491714,0.04849059668268855,20
91,pretrained,5,4,0.1748439738511855,0.06667693344332196,20
91,pretrained,10,0,0.18114791821410933,0.052361199972496365,20
91,pretrained,10,1,0.1387809412467354,0.04372442052161124,20
91,pretrained,10,2,0.15429172574145822,0.05519105328030531,20
91,pretrained,10,3,0.19809591518368527,0.07430752451259044,20
91,pretrained,10,4,0.18355368235349986,0.06323405388058419,20
91,pretrained,20,0,0.1886645286097226,0.06167187625334201,20
91,pretrained,20,1,0.16497197040961753,0.04367810590672105,20
91,pretrained,20,2,0.18726691389068922,0.0581583167536189,20
91,pretrained,20,3,0.18666362835792866,0.05912723784815729,20
91,pretrained,20,4,0.1805094673409724,0.056847968496460725,20
91,pretrained,50,0,0.19764883913296313,0.061073164189872915,20
91,pretrained,50,1,0.19219378636645124,0.055300823709036474,20
91,pretrained,50,2,0.19128540706115693,0.05589991457910431,20
91,pretrained,50,3,0.18485431073001454,0.04546010263171014,20
91,pretrained,50,4,0.19743694371019072,0.057296221095338606,20
91,pretrained,100,0,0.19321902775745534,0.06118707249092851,20
91,pretrained,100,1,0.18596178466563584,0.05113324357919492,20
91,pretrained,100,2,0.1884575559094222,0.05704455062645607,20
91,pretrained,100,3,0.19199099028246863,0.05914543381049614,20
91,pretrained,100,4,0.19803109529372415,0.06218467074853564,20
91,pretrained,200,0,0.18926890806930852,0.04987092508549883,20
91,pretrained,200,1,0.1872937895976774,0.0556125633781193,20
91,pretrained,200,2,0.19417867044709108,0.059042270976546594,20
91,pretrained,200,3,0.19419614612756264,0.060546674400929305,20
91,pretrained,200,4,0.18578359442098707,0.05459990213870102,20
91,scratch,5,0,0.11411096999773893,0.04522942290722564,20
91,scratch,5,1,0.10259631828167433,0.04015559609775402,20
91,scratch,5,2,0.10399913253685004,0.0376201147813487,20
91,scratch,5,3,0.11951423432966472,0.030241724082212734,20
91,scratch,5,4,0.1057480723131164,0.04183056464047012,20
91,scratch,10,0,0.11629593910402816,0.033033164888249145,20
91,scratch,10,1,0.108673173448028,0.03351550232739864,20
91,scratch,10,2,0.11900414674397075,0.027457959297189152,20
91,scratch,10,3,0.12326840936482726,0.03367830266984796,20
91,scratch,10,4,0.11266646566694456,0.03779933359673582,20
91,scratch,20,0,0.11077125901173786,0.028346196375038744,20
91,scratch,20,1,0.11057437279371576,0.032866994757826125,20
91,scratch,20,2,0.1138494919266801,0.03711908225252395,20
91,scratch,20,3,0.12145764456882753,0.03368978027890545,20
91,scratch,20,4,0.11109610561581343,0.0352919950187354,20
91,scratch,50,0,0.11592765727190917,0.037366994537613295,20
91,scratch,50,1,0.11485324537481448,0.03129041042044684,20
91,scratch,50,2,0.11811477573994311,0.040058131936129796,20
91,scratch,50,3,0.11801912123409186,0.028519109814545893,20
91,scratch,50,4,0.11752266363538144,0.0314653790502836,20
91,scratch,100,0,0.11600086800459049,0.029497780887318616,20
91,scratch,100,1,0.11832654383828681,0.03209822871300281,20
91,scratch,100,2,0.11138954296668328,0.03609212284238286,20
91,scratch,100,3,0.12115713330760616,0.028103953373434618,20
91,scratch,100,4,0.11972008810873376,0.028813448118748648,20
91,scratch,200,0,0.12026381062448455,0.031381740402451466,20
91,scratch,200,1,0.11767296032325984,0.03272953806864979,20
91,scratch,200,2,0.1130908679100517,0.02875382651166185,20
91,scratch,200,3,0.11122280473240091,0.029524410052539734,20
91,scratch,200,4,0.1181602392311921,0.030986081736813283,20
92,pretrained,5,0,0.37427461607383705,0.10888445440126927,20
92,pretrained,5,1,0.3259373865054756,0.08111432007622268,20
92,pretrained,5,2,0.31878039881212017,0.08904918416386415,20
92,pretrained,5,3,0.3650428820024675,0.10385881927802985,20
92,pretrained,5,4,0.36485042676471396,0.0774754045545308,20
92,pretrained,10,0,0.34318004272364233,0.08291247359820028,20
92,pretrained,10,1,0.36842202465535046,0.08434824074211944,20
92,pretrained,10,2,0.35211431857139136,0.07623124245976952,20
92,pretrained,10,3,0.35993241493796957,0.0892498287902934,20
92,pretrained,10,4,0.3770682510497011,0.08982488882893273,20
92,pretrained,20,0,0.37586317295572985,0.07683507255756337,20
92,pretrained,20,1,0.3824539904694855,0.08286128326997783,20
92,pretrained,20,2,0.3692020694171468,0.0789377458972241,20
92,pretrained,20,3,0.3729359235407135,0.06501809585136145,20
92,pretrained,20,4,0.3704309783244703,0.08390858137971371,20
92,pretrained,50,0,0.35822859719364897,0.08246124742032995,20
92,pretrained,50,1,0.3675149301224317,0.07850671823933446,20
92,pretrained,50,2,0.3567533478049466,0.08410178473511531,20
92,pretrained,50,3,0.3638807427110356,0.0848025457178039,20
92,pretrained,50,4,0.36891145399336234,0.07689875719435274,20
92,pretrained,100,0,0.36681153272568295,0.08021699340632046,20
92,pretrained,100,1,0.3695245437076342,0.08205434998108614,20
92,pretrained,100,2,0.3701657797671295,0.07720011107740163,20
92,pretrained,100,3,0.3714274985224498,0.08120211998152943,20
92,pretrained,100,4,0.36415404838414916,0.08066528681338533,20
92,pretrained,200,0,0.37499653922477205,0.07874694710247601,20
92,pretrained,200,1,0.3553043698635807,0.08248807214287343,20
92,pretrained,200,2,0.3758491441088446,0.07576131616875659,20
92,pretrained,200,3,0.3749208763144348,0.08251729828222637,20
92,pretrained,200,4,0.3690333987019513,0.08036283860203505,20
92,scratch,5,0,0.18480464824838846,0.07126100563189865,20
92,scratch,5,1,0.15163872703003684,0.06034769150809686,20
92,scratch,5,2,0.15948773590994073,0.06900119070343391,20
92,scratch,5,3,0.20481950260917045,0.07397269004423981,20
92,scratch,5,4,0.16104906358296409,0.07164752692862797,20
92,scratch,10,0,0.17493364421682916,0.07543204385280268,20
92,scratch,10,1,0.18249016744316165,0.0752313324599608,20
92,scratch,10,2,0.18817044153796716,0.08388676291132252,20
92,scratch,10,3,0.16540018714429577,0.06434036509526594,20
92,scratch,10,4,0.17069533705300505,0.06038992572146896,20
92,scratch,20,0,0.19052032537164712,0.0817987835803812,20
92,scratch,20,1,0.15996231189417004,0.07411038164158587,20
92,scratch,20,2,0.17778137479996417,0.07593710497376384,20
92,scratch,20,3,0.1767219354039365,0.07966007894008627,20
92,scratch,20,4,0.1606981749400486,0.06247784776709434,20
92,scratch,50,0,0.1757132294133341,0.07050585122080179,20
92,scratch,50,1,0.16497432732030584,0.06825711795515227,20
92,scratch,50,2,0.179135445370402,0.07269966877099678,20
92,scratch,50,3,0.17313859973364082,0.0658016861043563,20
92,scratch,50,4,0.19258781606268294,0.08052802828554369,20
92,scratch,100,0,0.16492234622848528,0.07000954499625578,20
92,scratch,100,1,0.18147755380039915,0.07187667813506952,20
92,scratch,100,2,0.16780464108173793,0.07243224029298956,20
92,scratch,100,3,0.16505542802079967,0.060926709434271906,20
92,scratch,100,4,0.16896045392244025,0.06970697616887855,20
92,scratch,200,0,0.17189173704786123,0.06935600376501629,20
92,scratch,200,1,0.1759655314279745,0.07359456165992298,20
92,scratch,200,2,0.17345517564640694,0.06888992286615647,20
92,scratch,200,3,0.1681281205119925,0.07304015516057431,20
92,scratch,200,4,0.1769119130656534,0.0678507526978011,20
93,pretrained,5,0,0.3239493699285748,0.09139722563504536,20
93,pretrained,5,1,0.3544998481762921,0.10452862237310742,20
93,pretrained,5,2,0.3375108263223991,0.10366882859165641,20
93,pretrained,5,3,0.3658496237469927,0.10398602057276707,20
93,pretrained,5,4,0.3311064876632072,0.10479730453919346,20
93,pretrained,10,0,0.3512307860697212,0.0977541100725808,20
93,pretrained,10,1,0.3211003053173856,0.09313295037577274,20
93,pretrained,10,2,0.33974413259081626,0.09200348940431732,20
93,pretrained,10,3,0.34880043910821257,0.09967051202315258,20
93,pretrained,10,4,0.3488511019913079,0.09735873258927487,20
93,pretrained,20,0,0.35936328876077966,0.10484701897784893,20
93,pretrained,20,1,0.3225051978055109,0.08413913674969996,20
93,pretrained,20,2,0.3284996131664053,0.10053539696761613,20
93,pretrained,20,3,0.35642828393267556,0.09358436437186708,20
93,pretrained,20,4,0.32168579266942443,0.08648229837782608,20
93,pretrained,50,0,0.33821084116850986,0.08778231535649408,20
93,pretrained,50,1,0.3281054597321989,0.08429735263399438,20
93,pretrained,50,2,0.3450458017178687,0.08672135184514308,20
93,pretrained,50,3,0.3404475035057754,0.08909727178615419,20
93,pretrained,50,4,0.3350586988748218,0.07862908981672778,20
93,pretrained,100,0,0.33802775538281354,0.08847623635513494,20
93,pretrained,100,1,0.3209745839217688,0.0875163950752027,20
93,pretrained,100,2,0.3492709956542187,0.09166920821993994,20
93,pretrained,100,3,0.34493808906344786,0.09474024519482721,20
93,pretrained,100,4,0.3396531673979976,0.08689221062746576,20
93,pretrained,200,0,0.33872237203785605,0.09177418520716649,20
93,pretrained,200,1,0.34168292521563404,0.0871557905245328,20
93,pretrained,200,2,0.33441645656984453,0.09356628810331616,20
93,pretrained,200,3,0.33643788710856304,0.09070451020828464,20
93,pretrained,200,4,0.334133779373914,0.09060461773324613,20
93,scratch,5,0,0.17960959038146257,0.08860353352496937,20
93,scratch,5,1,0.19558453886084096,0.09156858689102658,20
93,scratch,5,2,0.20400798012259364,0.10341232975405984,20
93,scratch,5,3,0.19142936197970825,0.0929426893096484,20
93,scratch,5,4,0.19718582252712835,0.0764242300763487,20
93,scratch,10,0,0.18632120022998205,0.08379253033987177,20
93,scratch,10,1,0.1592381568089571,0.11043467694592078,20
93,scratch,10,2,0.1447087434966376,0.09817082581363212,20
93,scratch,10,3,0.16806029138032924,0.08045244669254967,20
93,scratch,10,4,0.1626388988570369,0.08844025775270824,20
93,scratch,20,0,0.1693575239191287,0.09061668604458922,20
93,scratch,20,1,0.1755952717642842,0.06604213571179801,20
93,scratch,20,2,0.15615796478696137,0.09066490174571158,20
93,scratch,20,3,0.16752089336278944,0.07438328810578283,20
93,scratch,20,4,0.16934587162691112,0.07972170684306791,20
93,scratch,50,0,0.16030845272477678,0.07770159649263303,20
93,scratch,50,1,0.16584230887284376,0.0713518210275813,20
93,scratch,50,2,0.18865054521590077,0.08495354825000802,20
93,scratch,50,3,0.17031793236237758,0.07226378054932797,20
93,scratch,50,4,0.17790693727635548,0.09373514915630768,20
93,scratch,100,0,0.17829162454696287,0.07411131634491802,20
93,scratch,100,1,0.18782910205429243,0.0926420587788846,20
93,scratch,100,2,0.19291167856509317,0.08616535861807983,20
93,scratch,100,3,0.17052300295664322,0.08875176360738168,20
93,scratch,100,4,0.16694123469426592,0.08245772420006522,20
93,scratch,200,0,0.17431069562686868,0.08001571868201483,20
93,scratch,200,1,0.1753294521585052,0.08868868993140344,20
93,scratch,200,2,0.18217359450999188,0.07672697229648724,20
93,scratch,200,3,0.17642256219079427,0.0780541094959767,20
93,scratch,200,4,0.17786647294666638,0.07880218094653665,20
94,pretrained,5,0,0.283721475506174,0.05025012330385127,20
94,pretrained,5,1,0.30518802737103,0.049021080944297454,20
94,pretrained,5,2,0.305392200039056,0.07178896340250035,20
94,pretrained,5,3,0.3061283052253391,0.09448476622440313,20
94,pretrained,5,4,0.18793111978043053,0.039741232959574664,20
94,pretrained,10,0,0.3026338528102432,0.05475707685062527,20
94,pretrained,10,1,0.32135250101448937,0.0661099143075894,20
94,pretrained,10,2,0.30630151418844986,0.04700901237530823,20
94,pretrained,10,3,0.33758032266642923,0.05793121752570115,20
94,pretrained,10,4,0.30204816966796777,0.06439709484709036,20
94,pretrained,20,0,0.2997779571358544,0.06063931185203447,20
94,pretrained,20,1,0.26724038166895364,0.049853070140451185,20
94,pretrained,20,2,0.29272927235408747,0.04726025574447153,20
94,pretrained,20,3,0.2721803970320688,0.04145361654671546,20
94,pretrained,20,4,0.29269101320112484,0.0599957571332403,20
94,pretrained,50,0,0.26517676182303807,0.0499754243240526,20
94,pretrained,50,1,0.2713723939095951,0.04786726247138865,20
94,pretrained,50,2,0.2680114485920317,0.048525043972696545,20
94,pretrained,50,3,0.2743430690974196,0.049688602427577735,20
94,pretrained,50,4,0.27481976870104774,0.03706302495256061,20
94,pretrained,100,0,0.2940821024970752,0.04735677427948985,20
94,pretrained,100,1,0.2798416491314804,0.048300223562679725,20
94,pretrained,100,2,0.28855518007350234,0.05063739003094077,20
94,pretrained,100,3,0.2899304647656077,0.050628514929153046,20
94,pretrained,100,4,0.2708056994529583,0.045404210908265304,20
94,pretrained,200,0,0.29350654162425427,0.049420357562479734,20
94,pretrained,200,1,0.2792189157265598,0.04975997830290838,20
94,pretrained,200,2,0.26057805523103567,0.04153318771416556,20
94,pretrained,200,3,0.27025396258898576,0.043215195622153785,20
94,pretrained,200,4,0.2868360088193612,0.05087771153637282,20
94,scratch,5,0,0.19738975589483837,0.056755497634836394,20
94,scratch,5,1,0.23589093294991118,0.03447641021120128,20
94,scratch,5,2,0.20577025587672199,0.06563611923603481,20
94,scratch,5,3,0.2316370454192161,0.058963455351807914,20
94,scratch,5,4,0.1444971625149931,0.034024042886305755,20
94,scratch,10,0,0.2239508309052542,0.047891309125378985,20
94,scratch,10,1,0.21528097150832176,0.04288148434617494,20
94,scratch,10,2,0.22870460595743544,0.04275880094887213,20
94,scratch,10,3,0.2042548616721863,0.03109857188141603,20
94,scratch,10,4,0.20498341637879847,0.03352624372102579,20
94,scratch,20,0,0.2240163166943351,0.049559456696197074,20
94,scratch,20,1,0.2151249259514036,0.03016132278682595,20
94,scratch,20,2,0.22963801566423206,0.0420510105845369,20
94,scratch,20,3,0.20768707758465813,0.036708844644215574,20
94,scratch,20,4,0.2238820953713731,0.03622949276099625,20
94,scratch,50,0,0.2050381780609431,0.03477087012726677,20
94,scratch,50,1,0.20784793374506433,0.04192867329661941,20
94,scratch,50,2,0.2138583317436254,0.035820975375636076,20
94,scratch,50,3,0.2188101202378327,0.04264314898170733,20
94,scratch,50,4,0.2167266745275367,0.0364631419964148,20
94,scratch,100,0,0.21671428157631034,0.038803829310726866,20
94,scratch,100,1,0.21784816005604646,0.0388944219226871,20
94,scratch,100,2,0.21927379857634793,0.036285412267309164,20
94,scratch,100,3,0.22602285838413128,0.03994750131313768,20
94,scratch,100,4,0.2177633150018051,0.04129730849268009,20
94,scratch,200,0,0.2221635991522371,0.03876035873448025,20
94,scratch,200,1,0.21632250677119055,0.03804777648702984,20
94,scratch,200,2,0.2193730332085099,0.03514132968108295,20
94,scratch,200,3,0.21829651065293362,0.03704407910534529,20
94,scratch,200,4,0.20970226521408084,0.03408833087329178,20
95,pretrained,5,0,0.17746923621518831,0.07300429840987288,20
95,pretrained,5,1,0.19493095931152962,0.07175772751515538,20
95,pretrained,5,2,0.19507994243984628,0.0838031479804595,20
95,pretrained,5,3,0.18655891791471804,0.0745722397108633,20
95,pretrained,5,4,0.1829679410562733,0.06430339082490544,20
95,pretrained,10,0,0.19975164462747994,0.06611953014798719,20
95,pretrained,10,1,0.20848202216744802,0.060224117699947836,20
95,pretrained,10,2,0.18548657305668476,0.06578764655327399,20
95,pretrained,10,3,0.18412296500800468,0.07251585446690798,20
95,pretrained,10,4,0.18726181053435606,0.05454517034225413,20
95,pretrained,20,0,0.19697074592373412,0.06069844393898348,20
95,pretrained,20,1,0.1988907315926522,0.06934567471132978,20
95,pretrained,20,2,0.1887754520577108,0.05702066379540873,20
95,pretrained,20,3,0.19656891243525804,0.06563523687853785,20
95,pretrained,20,4,0.1887862448938207,0.059316278282606695,20
95,pretrained,50,0,0.19795594003089806,0.06407151016759965,20
95,pretrained,50,1,0.19408130965254236,0.06032110407011261,20
95,pretrained,50,2,0.20014783746093415,0.05840803147849537,20
95,pretrained,50,3,0.18447137622715054,0.051049303524574194,20
95,pretrained,50,4,0.19724868181216534,0.06537940570675771,20
95,pretrained,100,0,0.19670729701470396,0.06995865317081895,20
95,pretrained,100,1,0.18980027078669767,0.05629059309851969,20
95,pretrained,100,2,0.1873127049544372,0.05856021049776405,20
95,pretrained,100,3,0.19554836244477408,0.0612950437743029,20
95,pretrained,100,4,0.20032271649179695,0.06864944232825045,20
95,pretrained,200,0,0.1948668665407664,0.06471009901487014,20
95,pretrained,200,1,0.19541163004702058,0.0681539600755811,20
95,pretrained,200,2,0.19474578288823996,0.06240592706053244,20
95,pretrained,200,3,0.19040866547947705,0.06122990932374259,20
95,pretrained,200,4,0.19010530889660834,0.061391637579675445,20
95,scratch,5,0,0.13043002723377706,0.04551344373260315,20
95,scratch,5,1,0.14359280724026574,0.06807558278483535,20
95,scratch,5,2,0.12667141201103616,0.061458526198814735,20
95,scratch,5,3,0.12733081865161394,0.04986928099920369,20
95,scratch,5,4,0.13937541119997815,0.04126932154222062,20
95,scratch,10,0,0.14134610740187287,0.04026187835410505,20
95,scratch,10,1,0.12676864873136512,0.04908686271362587,20
95,scratch,10,2,0.13956233778905153,0.046873066672991785,20
95,scratch,10,3,0.1281675141370267,0.0363002982227476,20
95,scratch,10,4,0.12609869822268574,0.0315764232650626,20
95,scratch,20,0,0.12902509108746713,0.03661835005309346,20
95,scratch,20,1,0.11995420634380369,0.044657588430959703,20
95,scratch,20,2,0.13894028349876258,0.04269038778080328,20
95,scratch,20,3,0.13670548090383824,0.03330323140194585,20
95,scratch,20,4,0.1361555492435647,0.0388945944206543,20
95,scratch,50,0,0.12807868406779915,0.05092308068595075,20
95,scratch,50,1,0.12670003220561465,0.03481000575850122,20
95,scratch,50,2,0.12920631941343302,0.03286232612145599,20
95,scratch,50,3,0.12611205693974578,0.03875561022391698,20
95,scratch,50,4,0.13437388931628533,0.03621372499387971,20
95,scratch,100,0,0.13316872308099695,0.04274878007086125,20
95,scratch,100,1,0.12244434891982589,0.03001966217488337,20
95,scratch,100,2,0.1279338820650769,0.034144669105714294,20
95,scratch,100,3,0.13195768497135854,0.034949834638953715,20
95,scratch,100,4,0.13876060688216624,0.0342333900570064,20
95,scratch,200,0,0.1246594859845341,0.02755620030748584,20
95,scratch,200,1,0.12893152729201385,0.03602286398898219,20
95,scratch,200,2,0.12620737203839083,0.03638810829880558,20
95,scratch,200,3,0.13190826558173688,0.03868786901704151,20
95,scratch,200,4,0.12450811681917787,0.032588395905829265,20
96,pretrained,5,0,0.24211824106218707,0.06254936564469105,20
96,pretrained,5,1,0.16675903795468008,0.0836836087918345,20
96,pretrained,5,2,0.19291012535304336,0.04797121743885461,20
96,pretrained,5,3,0.19755861961412682,0.06528876175195351,20
96,pretrained,5,4,0.19937832932631963,0.08912396244615728,20
96,pretrained,10,0,0.197028175847683,0.04792075518577156,20
96,pretrained,10,1,0.18723965957585778,0.06220413041626288,20
96,pretrained,10,2,0.15735587003204227,0.07557558804435842,20
96,pretrained,10,3,0.24414885624302313,0.05395656386107047,20
96,pretrained,10,4,0.20996287595895927,0.055120983154835795,20
96,pretrained,20,0,0.18470669921661742,0.05114766951500298,20
96,pretrained,20,1,0.2152490022707143,0.04282515164548111,20
96,pretrained,20,2,0.19695960137866556,0.06485525849504893,20
96,pretrained,20,3,0.20859028834909626,0.06501877446366319,20
96,pretrained,20,4,0.19160571706315194,0.05989333374180237,20
96,pretrained,50,0,0.2002642731141228,0.05298623543241904,20
96,pretrained,50,1,0.2306823269728362,0.04268713920401929,20
96,pretrained,50,2,0.20368209247568042,0.053935534251075515,20
96,pretrained,50,3,0.1999743781133334,0.042105451471182484,20
96,pretrained,50,4,0.20938003476452338,0.047010123793852755,20
96,pretrained,100,0,0.19841201250280632,0.054637165216094546,20
96,pretrained,100,1,0.19980908671271408,0.05567678573080918,20
96,pretrained,100,2,0.2126562662694474,0.0482558056441301,20
96,pretrained,100,3,0.20433080184538902,0.04746416279682417,20
96,pretrained,100,4,0.1994208194365889,0.05603163034044825,20
96,pretrained,200,0,0.20070960224445633,0.04671650298074025,20
96,pretrained,200,1,0.20528281275957191,0.05269277657816329,20
96,pretrained,200,2,0.1793706772428502,0.04890814723448669,20
96,pretrained,200,3,0.2032790675720714,0.04561377633400833,20
96,pretrained,200,4,0.22428888827769566,0.047238054143131224,20
96,scratch,5,0,0.12115609178989979,0.054440862827898576,20
96,scratch,5,1,0.12107767134748029,0.042635287002693034,20
96,scratch,5,2,0.10651241721495142,0.04755419406389619,20
96,scratch,5,3,0.1111076341853714,0.054102695256300584,20
96,scratch,5,4,0.13528845455184366,0.04357465764879738,20
96,scratch,10,0,0.11638245078849385,0.0288483558539895,20
96,scratch,10,1,0.12892640140972858,0.045571675933116444,20
96,scratch,10,2,0.04895930240268515,0.011927609042156052,20
96,scratch,10,3,0.15474387878423393,0.049658589560478354,20
96,scratch,10,4,0.1393016558139452,0.05797715672217577,20
96,scratch,20,0,0.1286170133877867,0.041170796643319255,20
96,scratch,20,1,0.14132315398638412,0.044967218052229356,20
96,scratch,20,2,0.09879895482538525,0.025733670231306696,20
96,scratch,20,3,0.1388521904201771,0.047316940728423816,20
96,scratch,20,4,0.12344087572038016,0.034579189006451606,20
96,scratch,50,0,0.11918871559447619,0.03969414722966083,20
96,scratch,50,1,0.13626025174080963,0.04298150198674779,20
96,scratch,50,2,0.1251307105341164,0.031752222184354806,20
96,scratch,50,3,0.1115237125974933,0.03599554830811222,20
96,scratch,50,4,0.12367952423648254,0.038885471592507465,20
96,scratch,100,0,0.10891877298440795,0.03753576229704645,20
96,scratch,100,1,0.12318869197482088,0.03694675057965198,20
96,scratch,100,2,0.10922803311203848,0.040402878432929536,20
96,scratch,100,3,0.11622263813715832,0.03845978683202987,20
96,scratch,100,4,0.13647197646492895,0.043546060633478635,20
96,scratch,200,0,0.12550560506651112,0.03586861803536062,20
96,scratch,200,1,0.11918411507800522,0.03498908850739985,20
96,scratch,200,2,0.1304282999528436,0.045111714190338194,20
96,scratch,200,3,0.11548493734173289,0.03472746225174903,20
96,scratch,200,4,0.13549280478437295,0.04284276587063301,20
97,pretrained,5,0,0.21495174472012718,0.04745758646121024,20
97,pretrained,5,1,0.2210193971687609,0.052163471720438476,20
97,pretrained,5,2,0.21809887534509342,0.05301631767457438,20
97,pretrained,5,3,0.20749119837683763,0.06681527667069259,20
97,pretrained,5,4,0.22384930420359458,0.05700704322791282,20
97,pretrained,10,0,0.22570510362229323,0.06130894429304566,20
97,pretrained,10,1,0.22266382007373,0.05776822805022721,20
97,pretrained,10,2,0.22220111108029217,0.05220012348737219,20
97,pretrained,10,3,0.23147054404420775,0.04687274021178571,20
97,pretrained,10,4,0.2190214558884546,0.060345154922521634,20
97,pretrained,20,0,0.2284172390651206,0.0548095825858427,20
97,pretrained,20,1,0.2239857073350599,0.05629218886414844,20
97,pretrained,20,2,0.2288325793219324,0.05270760931955794,20
97,pretrained,20,3,0.23597206332940396,0.04775558688108723,20
97,pretrained,20,4,0.23011783399127186,0.05342360193251737,20
97,pretrained,50,0,0.23076389209861126,0.045317282767529686,20
97,pretrained,50,1,0.2376628455285415,0.05716987895707029,20
97,pretrained,50,2,0.22410882641877067,0.053015760929997977,20
97,pretrained,50,3,0.22507023090213094,0.050653792804086425,20
97,pretrained,50,4,0.23168680186449908,0.05496248202574964,20
97,pretrained,100,0,0.2346038904665003,0.051494833988516335,20
97,pretrained,100,1,0.2304389967459243,0.05488844077083264,20
97,pretrained,100,2,0.229460501049505,0.05192300308072021,20
97,pretrained,100,3,0.23191602401391975,0.049888445946010176,20
97,pretrained,100,4,0.23193146833817274,0.049607814203429385,20
97,pretrained,200,0,0.23553432602730778,0.05045394622983612,20
97,pretrained,200,1,0.22732562751405308,0.044137641296068966,20
97,pretrained,200,2,0.23521042438475487,0.05098716488541387,20
97,pretrained,200,3,0.22339561655108048,0.04894497617778243,20
97,pretrained,200,4,0.23148209151848773,0.04981199174252065,20
97,scratch,5,0,0.1443964440452748,0.045988938506871836,20
97,scratch,5,1,0.14955079166251853,0.04747758331684318,20
97,scratch,5,2,0.15079744961261804,0.053290652970177724,20
97,scratch,5,3,0.11292501144267257,0.049088687890322266,20
97,scratch,5,4,0.12465606511249042,0.04850926708517104,20
97,scratch,10,0,0.14511055064191627,0.043778032046127444,20
97,scratch,10,1,0.1423836900619536,0.050546411157450594,20
97,scratch,10,2,0.1491456591684816,0.04095689383093416,20
97,scratch,10,3,0.13041041293041755,0.045857693970213234,20
97,scratch,10,4,0.14845799186930184,0.04998738531419667,20
97,scratch,20,0,0.1396476809599442,0.03271281412068543,20
97,scratch,20,1,0.1326838445213388,0.05508658308075244,20
97,scratch,20,2,0.13970461133164738,0.04714316219511205,20
97,scratch,20,3,0.14430162009118722,0.03974001520065916,20
97,scratch,20,4,0.140885797071624,0.0400097734190964,20
97,scratch,50,0,0.14203650347501875,0.040169105286930136,20
97,scratch,50,1,0.14120926245777687,0.0361630992486057,20
97,scratch,50,2,0.14353888657773775,0.039616889741858764,20
97,scratch,50,3,0.13851670637983235,0.03409994586907879,20
97,scratch,50,4,0.1416274599532698,0.04018472333688636,20
97,scratch,100,0,0.15106546066277654,0.04402545884860034,20
97,scratch,100,1,0.13455531871321746,0.04301994967414615,20
97,scratch,100,2,0.1412309446348402,0.040417380845964496,20
97,scratch,100,3,0.1394405340434818,0.04836950499524169,20
97,scratch,100,4,0.1431369725646603,0.043668874584970506,20
97,scratch,200,0,0.14586197948955923,0.04102863539945336,20
97,scratch,200,1,0.14639215270339195,0.04485741609191252,20
97,scratch,200,2,0.1426730005343328,0.03671485672459855,20
97,scratch,200,3,0.13444295085602773,0.042277241942468485,20
97,scratch,200,4,0.13661232051160058,0.03699492292719752,20
98,pretrained,5,0,0.2732899379935837,0.05430852857755806,20
98,pretrained,5,1,0.2626128189659416,0.05184328629349815,20
98,pretrained,5,2,0.2843166427875108,0.06792371045367025,20
98,pretrained,5,3,0.29915733711190823,0.0662888345120731,20
98,pretrained,5,4,0.26771647509398305,0.08861623549835732,20
98,pretrained,10,0,0.29401852131548917,0.054540856205634335,20
98,pretrained,10,1,0.2878051538873532,0.05458676912295846,20
98,pretrained,10,2,0.28411718053959356,0.05369704010167896,20
98,pretrained,10,3,0.2958623352852319,0.05722318622975359,20
98,pretrained,10,4,0.3004800351206759,0.05534360088203526,20
98,pretrained,20,0,0.29217710876335146,0.05114612485746497,20
98,pretrained,20,1,0.280219941397802,0.05901092029263588,20
98,pretrained,20,2,0.2885833762407385,0.05570446870902036,20
98,pretrained,20,3,0.292375387365016,0.06337680116894971,20
98,pretrained,20,4,0.2923956918580998,0.04204853974176399,20
98,pretrained,50,0,0.30088608156790264,0.05811216262946858,20
98,pretrained,50,1,0.2872176068323978,0.04220474818748269,20
98,pretrained,50,2,0.28842251228060084,0.06116688380794822,20
98,pretrained,50,3,0.292479507912136,0.044202701669450915,20
98,pretrained,50,4,0.28210465519474553,0.043860596194214355,20
98,pretrained,100,0,0.2927483207082394,0.05148019404775043,20
98,pretrained,100,1,0.28752437802480685,0.0547400398783928,20
98,pretrained,100,2,0.2925788658390879,0.05296675123323472,20
98,pretrained,100,3,0.2862290970858141,0.050306175304843624,20
98,pretrained,100,4,0.2937820046883539,0.05007093393127978,20
98,pretrained,200,0,0.298664593463134,0.050030382383625914,20
98,pretrained,200,1,0.2907838595195688,0.04776567014161791,20
98,pretrained,200,2,0.2946647063204937,0.04878175381110326,20
98,pretrained,200,3,0.29928605494297117,0.0527121317162951,20
98,pretrained,200,4,0.28712373210463216,0.03936961713244521,20
98,scratch,5,0,0.14550256801974396,0.0345448713219564,20
98,scratch,5,1,0.16300141229202483,0.04792643530405965,20
98,scratch,5,2,0.15703334115241932,0.04560226965628669,20
98,scratch,5,3,0.14462576129097776,0.06788972928540697,20
98,scratch,5,4,0.12460095285951327,0.041713133651242046,20
98,scratch,10,0,0.15829594255815332,0.03435090792295945,20
98,scratch,10,1,0.14996963296481997,0.04515487135751798,20
98,scratch,10,2,0.14783035109611575,0.04585160731732503,20
98,scratch,10,3,0.15152360563140002,0.03783674981229278,20
98,scratch,10,4,0.15210659499956738,0.05489347253507202,20
98,scratch,20,0,0.164867822266013,0.04146942860165999,20
98,scratch,20,1,0.1340827628169753,0.054800882841855546,20
98,scratch,20,2,0.1522134851079015,0.04503040463237875,20
98,scratch,20,3,0.1635622140166008,0.03595340815913073,20
98,scratch,20,4,0.14934794061580506,0.03233744147288686,20
98,scratch,50,0,0.14649365949197973,0.03154294478423661,20
98,scratch,50,1,0.16309355837902054,0.036042671493710696,20
98,scratch,50,2,0.14977235533186514,0.039375565800985765,20
98,scratch,50,3,0.1449301447898307,0.03494774224408142,20
98,scratch,50,4,0.15763966374305866,0.03916189317732078,20
98,scratch,100,0,0.15486550336793287,0.0369632704299271,20
98,scratch,100,1,0.16178948394813308,0.03797536577239029,20
98,scratch,100,2,0.16332252163002364,0.0329130400541883,20
98,scratch,100,3,0.16380852402325466,0.035694287145621256,20
98,scratch,100,4,0.1554457691861649,0.03527089076930559,20
98,scratch,200,0,0.15476861515725548,0.03562122551676324,20
98,scratch,200,1,0.15877641166997886,0.04039542749135807,20
98,scratch,200,2,0.15736210539433043,0.03718651329273093,20
98,scratch,200,3,0.1581042984930094,0.034562243387946355,20
98,scratch,200,4,0.14645956363755125,0.03422175078178704,20
99,pretrained,5,0,0.2968253519920977,0.06677136975361235,20
99,pretrained,5,1,0.3100231406217716,0.07455940421835414,20
99,pretrained,5,2,0.3081231164565902,0.0572055761324041,20
99,pretrained,5,3,0.2603016327222135,0.06701369112209456,20
99,pretrained,5,4,0.29725683768952293,0.05385895368559651,20
99,pretrained,10,0,0.32608361757216775,0.05643339041362857,20
99,pretrained,10,1,0.3286331710832125,0.06879261657345846,20
99,pretrained,10,2,0.31919085505696443,0.07530344157729077,20
99,pretrained,10,3,0.32812597337636895,0.06271287273183408,20
99,pretrained,10,4,0.3119270717310295,0.06527533349831631,20
99,pretrained,20,0,0.32103921796487433,0.058854721507754955,20
99,pretrained,20,1,0.339070176620622,0.06505129139908268,20
99,pretrained,20,2,0.3104036954454156,0.07051354706837389,20
99,pretrained,20,3,0.31331518608106584,0.06004962643212035,20
99,pretrained,20,4,0.3183170819387121,0.06320634731260118,20
99,pretrained,50,0,0.3006883694935386,0.0637526995506834,20
99,pretrained,50,1,0.2895641454801743,0.06312115947396525,20
99,pretrained,50,2,0.3164319678243258,0.05968356361639779,20
99,pretrained,50,3,0.307319333314094,0.05944972182107377,20
99,pretrained,50,4,0.31978940377281717,0.06023136506765618,20
99,pretrained,100,0,0.32040010659173623,0.06276255309971267,20
99,pretrained,100,1,0.3096515473196989,0.06533987311522604,20
99,pretrained,100,2,0.30341512505704216,0.060836054864739364,20
99,pretrained,100,3,0.298855826896154,0.06438079967741947,20
99,pretrained,100,4,0.2942103301924782,0.05793161757332271,20
99,pretrained,200,0,0.30321175603656636,0.05686461040004032,20
99,pretrained,200,1,0.2987940776382044,0.05774302427582568,20
99,pretrained,200,2,0.30976903951077894,0.06144723709506445,20
99,pretrained,200,3,0.30560978835732067,0.06177821940448591,20
99,pretrained,200,4,0.30939517139437517,0.06367534697455872,20
99,scratch,5,0,0.18452819659590716,0.050735001063063084,20
99,scratch,5,1,0.17120326047262685,0.043150315863926245,20
99,scratch,5,2,0.19169514959109596,0.056222161586039265,20
99,scratch,5,3,0.15210884782574036,0.06925080437514271,20
99,scratch,5,4,0.17900953964085342,0.0624843991496455,20
99,scratch,10,0,0.1788859680441259,0.044014390645701465,20
99,scratch,10,1,0.1767791918483403,0.05487688917564284,20
99,scratch,10,2,0.17434739664498883,0.05641915475908943,20
99,scratch,10,3,0.18484821586938255,0.044620732356783314,20
99,scratch,10,4,0.16258297926849066,0.06406575071050097,20
99,scratch,20,0,0.1592502623752226,0.04872851711333672,20
99,scratch,20,1,0.1828072873746419,0.06501835326975951,20
99,scratch,20,2,0.16937816641519868,0.05134070406356561,20
99,scratch,20,3,0.15978635271759573,0.05056220161537947,20
99,scratch,20,4,0.16485051587618998,0.04903673424634093,20
99,scratch,50,0,0.15969093077405822,0.04915899600535844,20
99,scratch,50,1,0.17204263608703335,0.049693784290926385,20
99,scratch,50,2,0.1811586302569853,0.05234992746812057,20
99,scratch,50,3,0.15007801564404258,0.049592329652340776,20
99,scratch,50,4,0.17924868036450123,0.0461201341902364,20
99,scratch,100,0,0.16168042048768388,0.04728967465342983,20
99,scratch,100,1,0.1709426534539461,0.04863521295058141,20
99,scratch,100,2,0.17479612397818622,0.05313710494660595,20
99,scratch,100,3,0.17540243636772285,0.046734318089271164,20
99,scratch,100,4,0.17013520621222641,0.04479516246617399,20
99,scratch,200,0,0.17121591884298415,0.04642421394622074,20
99,scratch,200,1,0.18140323395288255,0.04487069547499682,20
99,scratch,200,2,0.15340083656658382,0.04577067406486177,20
99,scratch,200,3,0.15914174089503155,0.04952771015840505,20
99,scratch,200,4,0.17051476708432506,0.04637654360882127,20
